city,state,latitude,longitude,climate_group
Anchorage,AK,61.2181,-149.9003,Subarctic
Honolulu,HI,21.3099,-157.8581,Tropical Pacific
Seattle,WA,47.6062,-122.3321,Pacific Northwest
Portland,OR,45.5152,-122.6784,Pacific Northwest
Boise,ID,43.6150,-116.2023,Interior Northwest
San Francisco,CA,37.7749,-122.4194,Marine West Coast
Sacramento,CA,38.5816,-121.4944,Mediterranean Interior
Los Angeles,CA,34.0522,-118.2437,Mediterranean Coast
San Diego,CA,32.7157,-117.1611,Mediterranean Coast
Las Vegas,NV,36.1699,-115.1398,Hot Desert
Phoenix,AZ,33.4484,-112.0740,Hot Desert
Tucson,AZ,32.2226,-110.9747,Hot Desert
Albuquerque,NM,35.0844,-106.6504,High Desert
Salt Lake City,UT,40.7608,-111.8910,Intermountain
Denver,CO,39.7392,-104.9903,High Plains
Lubbock,TX,33.5779,-101.8552,Southern High Plains
El Paso,TX,31.7619,-106.4850,Chihuahuan Desert
Dallas,TX,32.7767,-96.7970,Southern Plains
Houston,TX,29.7604,-95.3698,Gulf Coast
San Antonio,TX,29.4241,-98.4936,South-Central Texas
Oklahoma City,OK,35.4676,-97.5164,Southern Plains
Kansas City,MO,39.0997,-94.5786,Central Plains
Omaha,NE,41.2565,-95.9345,Central Plains
Minneapolis,MN,44.9778,-93.2650,Upper Midwest
Milwaukee,WI,43.0389,-87.9065,Great Lakes
Chicago,IL,41.8781,-87.6298,Great Lakes
Detroit,MI,42.3314,-83.0458,Great Lakes
St. Louis,MO,38.6270,-90.1994,Mid-Mississippi Valley
Indianapolis,IN,39.7684,-86.1581,Ohio Valley
Columbus,OH,39.9612,-82.9988,Ohio Valley
Nashville,TN,36.1627,-86.7816,Upper South
Memphis,TN,35.1495,-90.0490,Lower Mississippi Valley
New Orleans,LA,29.9511,-90.0715,Gulf Coast
Jackson,MS,32.2988,-90.1848,Deep South
Birmingham,AL,33.5186,-86.8104,Deep South
Atlanta,GA,33.7490,-84.3880,Southeast Interior
Jacksonville,FL,30.3322,-81.6557,Southeast Coast
Miami,FL,25.7617,-80.1918,Tropical Atlantic
Charlotte,NC,35.2271,-80.8431,Southeast Piedmont
Raleigh,NC,35.7796,-78.6382,Southeast Piedmont
Washington,DC,38.9072,-77.0369,Mid-Atlantic
Baltimore,MD,39.2904,-76.6122,Mid-Atlantic
Philadelphia,PA,39.9526,-75.1652,Mid-Atlantic
Pittsburgh,PA,40.4406,-79.9959,Appalachian
New York,NY,40.7128,-74.0060,Northeast Coast
Boston,MA,42.3601,-71.0589,New England Coast
Portland,ME,43.6591,-70.2568,Northern New England
Burlington,VT,44.4759,-73.2121,Northern New England
Fargo,ND,46.8772,-96.7898,Northern Plains
Billings,MT,45.7833,-108.5007,Northern Rockies